[["DB","FRANCISZKA HYNKA","59","1","MPGO","poniedziałek co 2 tygodnie od dnia 27 marca","środa co 2 tygodnie od dnia 29 marca","środa co 2 tygodnie od dnia 05 kwietnia","03.04, 01.05, 12.06, 10.07, 07.08, 04.09, 02.10, 13.11, 11.12","środa","-"],["DB","FRANCISZKA HYNKA","60","1","MPGO","poniedziałek, czwartek","12.04, 10.05, 07.06, 05.07, 02.08, 13.09, 11.10, 08.11, 06.12","05.04, 03.05, 14.06, 12.07, 09.08, 06.09, 04.10, 01.11, 13.12","03.04, 01.05, 12.06, 10.07, 07.08, 04.09, 02.10, 13.11, 11.12","środa","czwartek co 2 tygodnie od dnia 06 kwietnia"],["DB","FRANCISZKA HYNKA","62A","1","MPGO","10.04, 08.05, 05.06, 03.07, 14.08, 11.09, 09.10, 06.11, 04.12","12.04, 10.05, 07.06, 05.07, 02.08, 13.09, 11.10, 08.11, 06.12","05.04, 03.05, 14.06, 12.07, 09.08, 06.09, 04.10, 01.11, 13.12","03.04, 01.05, 12.06, 10.07, 07.08, 04.09, 02.10, 13.11, 11.12","środa","-"]]